,name,uri,size,downloads
0,@blokz/cli,https://registry.npmjs.org/@blokz/cli/-/cli-0.0.1.tgz,17134,977
1,@chaosxu/cli,https://registry.npmjs.org/@chaosxu/cli/-/cli-0.0.19.tgz,6545,690
2,@darius-kiuberis/object-helpers,https://registry.npmjs.org/@darius-kiuberis/object-helpers/-/object-helpers-0.1.1.tgz,461,133
3,@evan.network/dbcp,https://registry.npmjs.org/@evan.network/dbcp/-/dbcp-1.11.2.tgz,7264787,9727
4,@extra-regexp/escape,https://registry.npmjs.org/@extra-regexp/escape/-/escape-0.0.25.tgz,1541,452
5,@guillrobin/canvas-led,https://registry.npmjs.org/@guillrobin/canvas-led/-/canvas-led-0.1.3.tgz,6964,183
6,@itkunst/core,https://registry.npmjs.org/@itkunst/core/-/core-0.0.1.tgz,1171416,95
7,@kmhgmbh/eslint-config,https://registry.npmjs.org/@kmhgmbh/eslint-config/-/eslint-config-1.0.2.tgz,2727,364
8,@kmtickets/common,https://registry.npmjs.org/@kmtickets/common/-/common-1.0.21.tgz,4913,1183
9,@kravc/schema,https://registry.npmjs.org/@kravc/schema/-/schema-2.2.0.tgz,11548,676
10,@ngxa/utils,https://registry.npmjs.org/@ngxa/utils/-/utils-0.17.1.tgz,169492,967
11,@novacms/assign,https://registry.npmjs.org/@novacms/assign/-/assign-1.0.0.tgz,539,120
12,@razee/kapitan-core,https://registry.npmjs.org/@razee/kapitan-core/-/kapitan-core-0.4.6.tgz,14891,1940
13,@reme3d2y/core-components-pure-input,https://registry.npmjs.org/@reme3d2y/core-components-pure-input/-/core-components-pure-input-1.0.0.tgz,4032,90
14,@ryancavanaugh/irc,https://registry.npmjs.org/@ryancavanaugh/irc/-/irc-0.3.15-alpha.tgz,5632,396
15,@sandalsoft/utils,https://registry.npmjs.org/@sandalsoft/utils/-/utils-1.0.0.tgz,7172,436
16,@seedalpha/job-queue,https://registry.npmjs.org/@seedalpha/job-queue/-/job-queue-2.1.12.tgz,3040,220
17,@styli/preset-default,https://registry.npmjs.org/@styli/preset-default/-/preset-default-0.15.1.tgz,11434,926
18,@types/npm-run-path,https://registry.npmjs.org/@types/npm-run-path/-/npm-run-path-3.0.1.tgz,1109,265662
19,@vjpr/bootstrap-loader,https://registry.npmjs.org/@vjpr/bootstrap-loader/-/bootstrap-loader-2.0.0-beta.19-vjpr.5.tgz,81780,390
20,@watchtower-dev/sdk-js,https://registry.npmjs.org/@watchtower-dev/sdk-js/-/sdk-js-0.0.6.tgz,5862,305
21,anti-robot,https://registry.npmjs.org/anti-robot/-/anti-robot-1.1.0.tgz,3966,160
22,antwar-minimal-theme,https://registry.npmjs.org/antwar-minimal-theme/-/antwar-minimal-theme-0.10.0.tgz,1045,2292
23,atengine,https://registry.npmjs.org/atengine/-/atengine-1.0.0-security.tgz,432,139
24,batch-jobs,https://registry.npmjs.org/batch-jobs/-/batch-jobs-1.0.2.tgz,2219,248
25,bitconv-cli,https://registry.npmjs.org/bitconv-cli/-/bitconv-cli-1.0.2.tgz,4999,178
26,biyi-admin-oa1,https://registry.npmjs.org/biyi-admin-oa1/-/biyi-admin-oa1-1.0.0.tgz,563503,1879
27,bsw-react-native-auth-client,https://registry.npmjs.org/bsw-react-native-auth-client/-/bsw-react-native-auth-client-1.1.1.tgz,18558,174
28,calendar-js,https://registry.npmjs.org/calendar-js/-/calendar-js-1.4.4.tgz,10526,10333
29,crawler-element-selector,https://registry.npmjs.org/crawler-element-selector/-/crawler-element-selector-1.1.1.tgz,3310,200
30,creator-deployer-cos,https://registry.npmjs.org/creator-deployer-cos/-/creator-deployer-cos-0.0.2.tgz,5141,178
31,crypticle,https://registry.npmjs.org/crypticle/-/crypticle-3.0.0.tgz,21748873,2544
32,cue-hook-relative,https://registry.npmjs.org/cue-hook-relative/-/cue-hook-relative-1.0.1.tgz,3176,237
33,devx-js-utilities,https://registry.npmjs.org/devx-js-utilities/-/devx-js-utilities-0.1.4.tgz,11642,13702
34,dewebpack,https://registry.npmjs.org/dewebpack/-/dewebpack-1.2.0.tgz,108069,264
35,dockerview,https://registry.npmjs.org/dockerview/-/dockerview-1.0.0.tgz,250,131
36,domvertices,https://registry.npmjs.org/domvertices/-/domvertices-0.0.2.tgz,5022,198
37,dp-component,https://registry.npmjs.org/dp-component/-/dp-component-0.1.1.tgz,20564,147
38,dubdubdub,https://registry.npmjs.org/dubdubdub/-/dubdubdub-1.0.1.tgz,830,173
39,duplet,https://registry.npmjs.org/duplet/-/duplet-0.2.0.tgz,2505,285
40,efficiently-update,https://registry.npmjs.org/efficiently-update/-/efficiently-update-1.0.0.tgz,343,128
41,eman-script,https://registry.npmjs.org/eman-script/-/eman-script-0.3.62.tgz,142853,15482
42,ember-strong-attrs,https://registry.npmjs.org/ember-strong-attrs/-/ember-strong-attrs-0.1.1.tgz,4139,185
43,eslint-config-vtex,https://registry.npmjs.org/eslint-config-vtex/-/eslint-config-vtex-12.8.10.tgz,11985,248000
44,fyndiq-component-dropdown,https://registry.npmjs.org/fyndiq-component-dropdown/-/fyndiq-component-dropdown-2.9.1.tgz,8274,2400
45,generator-cn1-spring-app,https://registry.npmjs.org/generator-cn1-spring-app/-/generator-cn1-spring-app-0.1.0.tgz,1704,117
46,generator-exstraperator,https://registry.npmjs.org/generator-exstraperator/-/generator-exstraperator-1.0.3.tgz,181763,277
47,gfui-ng2,https://registry.npmjs.org/gfui-ng2/-/gfui-ng2-0.0.4.tgz,6161,333
48,gulp-autocrop,https://registry.npmjs.org/gulp-autocrop/-/gulp-autocrop-0.0.6.tgz,2071,520
49,gulp-dgeni,https://registry.npmjs.org/gulp-dgeni/-/gulp-dgeni-0.1.0.tgz,5928,5352
50,hello-mercury,https://registry.npmjs.org/hello-mercury/-/hello-mercury-1.0.1.tgz,1943,167
51,hyperterm-alternatescroll,https://registry.npmjs.org/hyperterm-alternatescroll/-/hyperterm-alternatescroll-1.3.0.tgz,2751,710
52,jgb-cli,https://registry.npmjs.org/jgb-cli/-/jgb-cli-1.9.5.tgz,50502,10100
53,karik-and-wowy-abc,https://registry.npmjs.org/karik-and-wowy-abc/-/karik-and-wowy-abc-1.0.2.tgz,158570,134
54,kld-trivial-dom,https://registry.npmjs.org/kld-trivial-dom/-/kld-trivial-dom-0.1.0.tgz,4622,232
55,knifecycle,https://registry.npmjs.org/knifecycle/-/knifecycle-11.0.0-beta.2.tgz,195474,30822
56,knifecycle,https://registry.npmjs.org/knifecycle/-/knifecycle-11.0.0.tgz,195474,30822
57,laozhangaidaima_demo,https://registry.npmjs.org/laozhangaidaima_demo/-/laozhangaidaima_demo-1.0.0.tgz,456,76
58,latexolive,https://registry.npmjs.org/latexolive/-/latexolive-1.0.0.tgz,994741,139
59,leave-confirm,https://registry.npmjs.org/leave-confirm/-/leave-confirm-2.0.1.tgz,1822,516
60,llama-rlsr,https://registry.npmjs.org/llama-rlsr/-/llama-rlsr-0.0.6.tgz,14077,529
61,manage-sky-id-container,https://registry.npmjs.org/manage-sky-id-container/-/manage-sky-id-container-0.0.1-security.tgz,585,106
62,mapbox-upload-validate,https://registry.npmjs.org/mapbox-upload-validate/-/mapbox-upload-validate-3.7.2.tgz,8472,3042
63,moment-hijri,https://registry.npmjs.org/moment-hijri/-/moment-hijri-2.1.2.tgz,17930,82302
64,mts-share,https://registry.npmjs.org/mts-share/-/mts-share-0.0.4.tgz,1016,308
65,my-vue-button,https://registry.npmjs.org/my-vue-button/-/my-vue-button-1.0.2.tgz,7420,237
66,nativescript-laravel-echo,https://registry.npmjs.org/nativescript-laravel-echo/-/nativescript-laravel-echo-1.2.0.tgz,13900,684
67,nopendb,https://registry.npmjs.org/nopendb/-/nopendb-0.0.3.tgz,2978,250
68,npm-push-test,https://registry.npmjs.org/npm-push-test/-/npm-push-test-1.0.0.tgz,443,125
69,oms-register-service,https://registry.npmjs.org/oms-register-service/-/oms-register-service-0.0.1.tgz,1542,109
70,on-headers,https://registry.npmjs.org/on-headers/-/on-headers-1.0.2.tgz,3225,631063131
71,osdb,https://registry.npmjs.org/osdb/-/osdb-1.0.0.tgz,273,135
72,pdpkg_node_core_dev,https://registry.npmjs.org/pdpkg_node_core_dev/-/pdpkg_node_core_dev-1.2.0.tgz,1579,164
73,pio.profile,https://registry.npmjs.org/pio.profile/-/pio.profile-0.1.4.tgz,5769,427
74,poloniex-api-watcher,https://registry.npmjs.org/poloniex-api-watcher/-/poloniex-api-watcher-1.0.6.tgz,2445,376
75,postcss-modules-tilda,https://registry.npmjs.org/postcss-modules-tilda/-/postcss-modules-tilda-2.0.0.tgz,2101,725399
76,praktismodenode,https://registry.npmjs.org/praktismodenode/-/praktismodenode-1.0.0.tgz,477,133
77,ramda-polyfill,https://registry.npmjs.org/ramda-polyfill/-/ramda-polyfill-0.0.6.tgz,114699,379
78,react-idle-timer,https://registry.npmjs.org/react-idle-timer/-/react-idle-timer-4.5.0.tgz,26886,4409218
79,react-native-video-cache-decrypt,https://registry.npmjs.org/react-native-video-cache-decrypt/-/react-native-video-cache-decrypt-1.0.0.tgz,50878689,137
80,react-uper,https://registry.npmjs.org/react-uper/-/react-uper-0.0.1.tgz,1473,110
81,rnandroidxmlparser,https://registry.npmjs.org/rnandroidxmlparser/-/rnandroidxmlparser-0.1.1.tgz,55204,105
82,rober19-config,https://registry.npmjs.org/rober19-config/-/rober19-config-2.4.47.tgz,7334,4982
83,rollup-plugin-fast-json,https://registry.npmjs.org/rollup-plugin-fast-json/-/rollup-plugin-fast-json-5.1.1.tgz,5234,268
84,sarcastify,https://registry.npmjs.org/sarcastify/-/sarcastify-1.0.5.tgz,1550,381
85,scroll-left,https://registry.npmjs.org/scroll-left/-/scroll-left-1.0.0.tgz,1687,119
86,shakmonorepo,https://registry.npmjs.org/shakmonorepo/-/shakmonorepo-1.0.2-alpha.2.tgz,1651,210
87,shelley,https://registry.npmjs.org/shelley/-/shelley-1.0.0-16.tgz,2122,959
88,shlist-mysql-webapi,https://registry.npmjs.org/shlist-mysql-webapi/-/shlist-mysql-webapi-16.0.15.tgz,10696,452
89,stemcstudio-workers,https://registry.npmjs.org/stemcstudio-workers/-/stemcstudio-workers-2.22.0.tgz,535086,2751
90,tp-writecsv,https://registry.npmjs.org/tp-writecsv/-/tp-writecsv-0.1.2.tgz,656,193
91,tree-sitter-func,https://registry.npmjs.org/tree-sitter-func/-/tree-sitter-func-1.2.9.tgz,51896,2285
92,tt-easy-print,https://registry.npmjs.org/tt-easy-print/-/tt-easy-print-0.6.13.tgz,21036,647
93,update-me,https://registry.npmjs.org/update-me/-/update-me-1.0.2.tgz,2096,192
94,usb-audio-xmos,https://registry.npmjs.org/usb-audio-xmos/-/usb-audio-xmos-0.0.3.tgz,1326,255
95,video-name-parser,https://registry.npmjs.org/video-name-parser/-/video-name-parser-1.4.6.tgz,6430,45120
96,vue-cropper-simple,https://registry.npmjs.org/vue-cropper-simple/-/vue-cropper-simple-1.1.1.tgz,228026,502
97,vuejs-light-tag-component,https://registry.npmjs.org/vuejs-light-tag-component/-/vuejs-light-tag-component-1.0.0.tgz,1479,87
98,weather,https://registry.npmjs.org/weather/-/weather-1.0.4.tgz,14203,21431
99,wekit,https://registry.npmjs.org/wekit/-/wekit-1.2.0.tgz,108220,718
100,yaab,https://registry.npmjs.org/yaab/-/yaab-1.0.3.tgz,4687,878
